{
  "accuracy": 0.7974413646055437,
  "f1": 0.5648854961832062,
  "roc_auc": 0.8270030180513639
}